id,(Intercept),GroupDiabetes
d__Bacteria;p__Bacillota_I;c__Bacilli_A;o__Erysipelotrichales;f__Erysipelotrichaceae;g__Faecalibaculum,4.90734502373396,2.145046005904848
d__Bacteria;p__Bacteroidota;c__Bacteroidia;o__Bacteroidales;f__Muribaculaceae;g__Duncaniella,7.557176944834521,0.6457586168679101
d__Bacteria;p__Verrucomicrobiota;c__Verrucomicrobiae;o__Verrucomicrobiales;f__Akkermansiaceae;g__Akkermansia,3.55144881248384,4.095634105346937
d__Bacteria;p__Bacillota_I;c__Bacilli_A;o__Lactobacillales;f__Lactobacillaceae;g__Lactobacillus,6.865896970942274,-0.1572617013037132
d__Bacteria;p__Actinomycetota;c__Coriobacteriia;o__Coriobacteriales;f__Atopobiaceae;g__Granulimonas,5.913660222662599,-1.3279372336408142
d__Bacteria;p__Bacillota_I;c__Bacilli_A;o__MOL361;f__Turicibacteraceae;g__Turicibacter,2.664384832983963,4.3569234420020795
d__Bacteria;p__Bacteroidota;c__Bacteroidia;o__Bacteroidales;f__Muribaculaceae;g__Muribaculum,6.664809090482724,-6.99724925866399
d__Bacteria;p__Bacillota_I;c__Bacilli_A;o__Lactobacillales;f__Lactobacillaceae;g__Ligilactobacillus,5.326556966029934,0.9389770766347063
d__Bacteria;p__Bacillota_A_368345;c__Clostridia_258483;o__Clostridiales;f__Clostridiaceae_222000;g__Clostridium_T,2.43771908598126,4.484569560648032
d__Bacteria;p__Bacteroidota;c__Bacteroidia;o__Bacteroidales;f__Bacteroidaceae;g__Bacteroides_H_857956,5.945864285200972,1.2891916151356186
d__Bacteria;p__Campylobacterota_A;c__Campylobacteria;o__Campylobacterales;f__Helicobacteraceae;g__Helicobacter_C,4.803791768511843,-2.3138541691148236
d__Bacteria;p__Bacteroidota;c__Bacteroidia;o__Bacteroidales;f__Bacteroidaceae;g__Phocaeicola_A,5.230261632588893,1.5713025235951914
d__Bacteria;p__Bacillota_A_368345;c__Clostridia_258483;o__Peptostreptococcales;f__Peptostreptococcaceae_256921;__,2.3574017553443865,3.6796763776738675
d__Bacteria;p__Bacillota_A_368345;c__Clostridia_258483;o__Lachnospirales;f__Lachnospiraceae;g__UBA9414,1.0229811290887454,4.605245127978732
d__Bacteria;p__Bacillota_I;c__Bacilli_A;o__Lactobacillales;f__Lactobacillaceae;g__Limosilactobacillus,4.754245133328405,0.867311079099303
d__Bacteria;p__Actinomycetota;c__Actinomycetes;o__Actinomycetales;f__Bifidobacteriaceae;g__Bifidobacterium_388775,1.6413396493000978,3.2654639667180136
d__Bacteria;p__Desulfobacterota_G_459543;c__Desulfovibrionia;o__Desulfovibrionales;f__Desulfovibrionaceae;g__Bilophila,1.1511430598013825,3.631255555337044
d__Bacteria;p__Bacteroidota;c__Bacteroidia;o__Bacteroidales;f__Muribaculaceae;g__Paramuribaculum,6.780108717939776,-4.602075572960215
d__Bacteria;p__Bacteroidota;c__Bacteroidia;o__Bacteroidales;f__Muribaculaceae;__,6.545075265025091,-1.3487407665549096
d__Bacteria;p__Bacteroidota;c__Bacteroidia;o__Bacteroidales;f__Muribaculaceae;g__UBA3263,4.804256623930724,-5.136696792111991
d__Bacteria;p__Bacillota_A_368345;c__Clostridia_258483;o__Lachnospirales;f__Lachnospiraceae;g__COE1,4.598335142257603,-0.10468153659523743
d__Bacteria;p__Bacteroidota;c__Bacteroidia;o__Bacteroidales;f__Tannerellaceae;g__Parabacteroides_B_862066,3.744230926486881,0.6132754091444907
d__Bacteria;p__Cyanobacteriota;c__Vampirovibrionia;o__Gastranaerophilales;f__Gastranaerophilaceae;g__UBA2813,4.460854825653097,-4.793294993834365
d__Bacteria;p__Bacteroidota;c__Bacteroidia;o__Bacteroidales;f__UBA932;g__Cryptobacteroides,4.987266906766782,-5.319707074948047
d__Bacteria;p__Bacteroidota;c__Bacteroidia;o__Bacteroidales;f__Rikenellaceae;g__Alistipes_A_871400,5.095877794807387,-1.2085572935818996
d__Bacteria;p__Bacillota_A_368345;c__Clostridia_258483;o__Oscillospirales;f__Ruminococcaceae;g__Porcipelethomonas,2.604149285955936,0.6671373780552492
d__Bacteria;p__Bacteroidota;c__Bacteroidia;o__Bacteroidales;f__Muribaculaceae;g__UBA7173,5.06397679011532,-0.5464712704843355
d__Bacteria;p__Bacillota_A_368345;c__Clostridia_258483;o__Lachnospirales;f__Lachnospiraceae;__,4.531350189714247,0.8019667519580156
d__Bacteria;p__Bacillota_A_368345;c__Clostridia_258483;o__Lachnospirales;f__Lachnospiraceae;g__Schaedlerella,-0.026229344834555857,4.285426822673804
d__Bacteria;p__Bacteroidota;c__Bacteroidia;o__Bacteroidales;f__Bacteroidaceae;g__Prevotella,3.6354599202091675,-3.9679000883904334
d__Bacteria;p__Pseudomonadota;c__Gammaproteobacteria;o__Burkholderiales;f__Burkholderiaceae_A_595427;g__Parasutterella_564865,4.4883685187686595,-2.7831917090439253
d__Bacteria;p__Bacillota_I;c__Bacilli_A;o__Erysipelotrichales;f__Coprobacillaceae;g__Thomasclavelia,1.1886561338576758,3.1163706540027563
d__Bacteria;p__Bacillota_A_368345;c__Clostridia_258483;o__Lachnospirales;f__Lachnospiraceae;g__Acetatifactor,1.5817570795200464,0.07646987940735717
d__Bacteria;p__Bacillota_A_368345;c__Clostridia_258483;o__Lachnospirales;f__Lachnospiraceae;g__CAG-510,0.06041405273543732,3.66462956302011
d__Bacteria;p__Bacillota_A_368345;c__Clostridia_258483;o__Lachnospirales;f__Lachnospiraceae;g__UBA3282,3.6637133188635156,0.9122578488348765
d__Bacteria;p__Desulfobacterota_G_459543;c__Desulfovibrionia;o__Desulfovibrionales;f__Desulfovibrionaceae;g__Desulfovibrio_446353,2.7973399540160857,-0.9901872668866631
d__Bacteria;p__Bacteroidota;c__Bacteroidia;o__Bacteroidales;f__Muribaculaceae;g__CAG-873,3.6808284442681733,-4.013268612449439
d__Bacteria;p__Pseudomonadota;c__Alphaproteobacteria;o__RF32;f__CAG-239;g__51-20,2.23120315460075,-1.3907116990714123
d__Bacteria;p__Bacteroidota;c__Bacteroidia;o__Bacteroidales;f__Muribaculaceae;g__Lepagella,5.026675722679395,-5.359115890860663
d__Bacteria;p__Deferribacterota;c__Deferribacteres;o__Deferribacterales;f__Mucispirillaceae;g__Mucispirillum,2.065168668755004,-0.9375160449911089
d__Bacteria;p__Bacillota_A_368345;c__Clostridia_258483;o__Oscillospirales;f__Ruminococcaceae;g__UBA946,1.8038962088738166,-2.136336377055083
d__Bacteria;p__Bacillota_A_368345;c__Clostridia_258483;o__Lachnospirales;f__Lachnospiraceae;g__Eubacterium_F,3.3973788681576202,-3.729819036338888
d__Bacteria;p__Bacillota_A_368345;c__Clostridia_258483;o__Oscillospirales;f__Acutalibacteraceae;g__Ruminococcus_E,-0.6525587565965877,2.1526159264401192
d__Bacteria;p__Bacillota_A_368345;c__Clostridia_258483;o__TANB77;f__CAG-508;g__UMGS1994,2.845138858184707,-0.4301869200582189
d__Bacteria;p__Bacillota_A_368345;c__Clostridia_258483;o__Lachnospirales;f__Lachnospiraceae;g__Kineothrix,3.0958865988232303,-1.4852056418801278
d__Bacteria;p__Bacillota_A_368345;c__Clostridia_258483;o__Oscillospirales;f__Oscillospiraceae_88309;g__,2.206140473552259,-0.948486786907069
d__Bacteria;p__Bacillota_A_368345;c__Clostridia_258483;o__Lachnospirales;f__Lachnospiraceae;g__Eubacterium_G_180878,3.0360552075820344,-3.3684953757633003
d__Bacteria;p__Bacillota_A_368345;c__Clostridia_258483;o__Christensenellales;f__CAG-314;g__CAG-314,1.0834433994972896,2.0555345244532433
d__Bacteria;p__Bacillota_A_368345;c__Clostridia_258483;o__TANB77;f__CAG-508;g__CAG-269,3.307529757631924,0.5007276995547023
d__Bacteria;p__Bacillota_A_368345;c__Clostridia_258483;o__Lachnospirales;f__Lachnospiraceae;g__Suilimivivens,2.052902345816082,-0.5326738331873442
d__Bacteria;p__Bacillota_A_368345;c__Clostridia_258483;o__Christensenellales;__;__,2.140610148356777,-0.3684888931499608
d__Bacteria;p__Bacillota_A_368345;c__Clostridia_258483;o__Oscillospirales;f__Ruminococcaceae;g__Angelakisella,1.4507146810976705,-1.6098680541389503
d__Bacteria;p__Bacillota_A_368345;c__Clostridia_258483;o__Oscillospirales;f__Oscillospiraceae_88309;__,2.7956593779327434,-0.2800930119696372
d__Bacteria;p__Bacillota_A_368345;c__Clostridia_258483;o__Lachnospirales;f__Lachnospiraceae;g__Ruminococcus_B,-0.02132675569039555,2.5106625197019063
d__Bacteria;p__Bacillota_A_368345;c__Clostridia_258483;o__Oscillospirales;f__Oscillospiraceae_88309;g__Enterenecus,1.8211436941426749,-0.7480511875296656
d__Bacteria;p__Bacillota_A_368345;c__Clostridia_258483;o__Lachnospirales;f__Lachnospiraceae;g__Velocimicrobium,1.0907085859470798,-1.4231487541283463
d__Bacteria;p__Bacillota_A_368345;c__Clostridia_258483;o__Lachnospirales;f__Lachnospiraceae;g__Laedolimicola,2.4858425403117552,-1.9735208954395551
d__Bacteria;p__Desulfobacterota_G_459543;c__Desulfovibrionia;o__Desulfovibrionales;f__Desulfovibrionaceae;g__Mailhella,1.2141222728891117,-0.32460566844209793
d__Bacteria;p__Bacillota_A_368345;c__Clostridia_258483;o__Christensenellales;f__Borkfalkiaceae;g__Borkfalkia,1.6420902962985757,1.4782273648568927
d__Bacteria;p__Cyanobacteriota;c__Vampirovibrionia;o__Gastranaerophilales;f__Gastranaerophilaceae;g__,2.236331787098,-2.568771955279267
d__Bacteria;p__Bacillota_A_368345;c__Clostridia_258483;o__Lachnospirales;f__Lachnospiraceae;g__Roseburia_A_166204,-0.652558756596588,1.3871449880718214
d__Bacteria;p__Bacillota_A_368345;c__Clostridia_258483;o__TANB77;f__CAG-508;g__,3.3337764390266553,-1.2243129357180682
d__Bacteria;p__Bacillota_A_368345;c__Clostridia_258483;o__Oscillospirales;f__Oscillospiraceae_88309;g__Evtepia,2.915491482218286,-1.6508679413874046
d__Bacteria;p__Bacillota_A_368345;c__Clostridia_258483;o__Lachnospirales;f__Anaerotignaceae;g__Coprocola,2.0706932474838426,-2.201953676610847
d__Bacteria;p__Bacillota_A_368345;c__Clostridia_258483;o__Oscillospirales;f__Ruminococcaceae;g__Massilioclostridium,0.9143632924875091,-1.2468034606687755
d__Bacteria;p__Bacillota_A_368345;c__Clostridia_258483;o__Oscillospirales;f__Acutalibacteraceae;g__Eubacterium_R,0.6401429237638923,1.1206827126519954
d__Bacteria;p__Bacillota_A_368345;c__Clostridia_258483;o__Lachnospirales;f__Lachnospiraceae;g__Sporofaciens,0.5429613992699134,0.929223776965266
d__Bacteria;p__Bacillota_A_368345;c__Clostridia_258483;o__Lachnospirales;f__Lachnospiraceae;g__Lachnoclostridium_B,-0.6525587565965878,1.3069083463955242
d__Bacteria;p__Bacillota_A_368345;c__Clostridia_258483;o__Oscillospirales;f__Oscillospiraceae_88309;g__Lawsonibacter,1.691931342549782,-1.373870674846449
d__Bacteria;p__Cyanobacteriota;c__Vampirovibrionia;o__Gastranaerophilales;f__Gastranaerophilaceae;g__Stercorousia,2.2860643717845415,-2.3945346063123014
d__Bacteria;p__Bacillota_A_368345;c__Clostridia_258483;o__Clostridiales;f__Clostridiaceae_222000;g__Dwaynesavagella,1.2556091108894312,0.13309739377379082
d__Bacteria;p__Bacillota_A_368345;c__Clostridia_258483;o__Oscillospirales;f__Oscillospiraceae_88309;g__Dysosmobacter,1.6532804835283097,-0.4147149603893008
d__Bacteria;p__Bacillota_A_368345;c__Clostridia_258483;o__Lachnospirales;f__Anaerotignaceae;__,0.8408021587619996,-0.06811553813277965
d__Bacteria;p__Bacillota_I;c__Bacilli_A;o__Lactobacillales;f__Streptococcaceae;g__Streptococcus,0.15667758044744673,1.8748915717686518
d__Bacteria;p__Bacillota_A_368345;c__Clostridia_258483;o__Lachnospirales;f__Lachnospiraceae;g__Bovifimicola,0.5225200057058266,-0.068745727523468525
d__Bacteria;p__Bacillota_A_368345;c__Clostridia_258483;o__Oscillospirales;f__CAG-272;g__Avispirillum,2.4148287505921395,-1.3417362439791296
d__Bacteria;p__Bacteroidota;c__Bacteroidia;o__Bacteroidales;f__Muribaculaceae;g__JAGBWK01,0.7523345306143419,-1.0847746987956084
d__Bacteria;p__Bacillota_A_368345;c__Clostridia_258483;o__Oscillospirales;f__UBA644;g__UBA644,0.4855637254432066,0.06184404904909424
d__Bacteria;p__Bacillota_A_368345;c__Clostridia_258483;o__Lachnospirales;f__Lachnospiraceae;g__Roseburia_B,1.099203629306175,-1.4316437974874416
d__Bacteria;p__Bacillota_A_368345;c__Clostridia_258483;o__Lachnospirales;f__Lachnospiraceae;g__Otoolea_134526,0.2772391846589506,-0.6096793528402172
d__Bacteria;__;__;__;__;__,0.8042443718089036,1.6777171210729154
d__Bacteria;p__Bacteroidota;c__Bacteroidia;o__Bacteroidales;__;__,1.179217689794157,-1.4250144604054302
d__Bacteria;p__Bacillota_A_368345;c__Clostridia_258483;o__Oscillospirales;f__Oscillospiraceae_88309;g__Vescimonas,0.9476696784135958,0.09082870295946488
d__Bacteria;p__Bacillota_A_368345;c__Clostridia_258483;o__Lachnospirales;f__Lachnospiraceae;g__Eubacterium_S,0.8071784163320459,-1.1396185845133124
d__Bacteria;p__Bacillota_I;c__Bacilli_A;o__Staphylococcales;f__Staphylococcaceae;__,-0.6525587565965877,1.8259621642814357
d__Bacteria;p__Bacillota_A_368345;c__Clostridia_258483;o__Oscillospirales;f__Ruminococcaceae;g__Ruminiclostridium_E,0.3790946991011337,0.6493012564292134
d__Bacteria;p__Bacillota_B_370539;c__Dehalobacteriia;o__Dehalobacteriales;f__Dehalobacteriaceae;g__,0.8398403309918692,-0.6325944849810967
d__Bacteria;p__Bacillota_I;c__Bacilli_A;o__Staphylococcales;f__Staphylococcaceae;g__Staphylococcus,-0.6525587565965878,2.032641152323941
d__Bacteria;p__Bacillota_A_368345;c__Clostridia_258483;o__Oscillospirales;f__Butyricicoccaceae;g__Butyricicoccus_A_77030,1.0830276698760921,-1.068894247777386
d__Bacteria;p__Bacillota_A_368345;c__Clostridia_258483;o__Oscillospirales;f__Oscillospiraceae_88309;g__Faecousia,0.15667758044744629,1.0800943456148486
d__Bacteria;p__Bacillota_A_368345;c__Clostridia_258483;o__Christensenellales;f__Borkfalkiaceae;g__,0.6106427104816952,0.23974890891081013
d__Bacteria;p__Bacillota_A_368345;c__Clostridia_258483;o__Oscillospirales;f__Acutalibacteraceae;g__Acutalibacter,1.342741415954368,-0.42285653918105537
d__Bacteria;p__Bacillota_A_368345;c__Clostridia_258483;o__Christensenellales;f__UBA1242;g__UBA7862,0.6702074992650611,-1.0026476674463276
d__Bacteria;p__Bacillota_A_368345;c__Clostridia_258483;o__Lachnospirales;f__Lachnospiraceae;g__Eubacterium_J,0.35820406036204977,-0.6906442285433163
d__Bacteria;p__Bacillota_A_368345;c__Clostridia_258483;o__Oscillospirales;f__Ruminococcaceae;g__Anaerotruncus,0.5771097121573603,-0.43371706911733676
d__Bacteria;p__Bacillota_A_368345;c__Clostridia_258483;o__Peptostreptococcales;f__Anaerovoracaceae;g__,-0.29126228685956734,0.762537053433193
d__Bacteria;p__Bacillota_A_368345;c__Clostridia_258483;o__Oscillospirales;f__Ruminococcaceae;g__Merdimmobilis,0.34972826071785224,-0.29578812222932926
d__Bacteria;p__Bacillota_A_368345;c__Clostridia_258483;o__Oscillospirales;f__Acutalibacteraceae;__,0.5746824514252225,-0.683152685952982
d__Bacteria;p__Bacillota_A_368345;c__Clostridia_258483;o__Lachnospirales;f__Lachnospiraceae;g__Hominisplanchenecus_A,0.427190479848655,-0.7596306480299215
d__Bacteria;p__Bacillota_B_370539;c__Peptococcia_369891;o__Peptococcales_369891;f__Peptococcaceae_369362;g__Peptococcus,0.5211066218414899,-0.8535467900227567
d__Bacteria;p__Bacillota_I;c__Bacilli_A;o__Staphylococcales;f__Salinicoccaceae;g__Jeotgalicoccus_A_310962,-0.40931998796467384,1.151149098852453
d__Bacteria;p__Bacillota_I;c__Bacilli_A;o__Erysipelotrichales;f__Coprobacillaceae;__,0.3279223231724713,-0.3218562162159617
d__Bacteria;p__Bacillota_I;c__Bacilli_A;o__Staphylococcales;f__Staphylococcaceae;g__Mammaliicoccus_319276,-0.47927196145660145,0.5800487811253006
d__Bacteria;p__Bacillota_I;c__Bacilli_A;o__Erysipelotrichales;f__Erysipelotrichaceae;g__C-19,1.057762902720439,-0.34734809536777334
d__Bacteria;p__Bacillota_A_368345;c__Clostridia_258483;o__Lachnospirales;f__Lachnospiraceae;g__Petralouisia,0.9788506753644877,-0.30801956917745055
d__Bacteria;p__Bacillota_A_368345;c__Clostridia_258483;o__TANB77;f__CAG-508;g__CAG-793,-0.20461888928957395,1.5532768808798125
d__Bacteria;p__Bacillota_A_368345;c__Clostridia_258483;o__Oscillospirales;f__Ruminococcaceae;g__Paludihabitans,0.2266295539393739,1.3222957638949255
d__Bacteria;p__Bacillota_A_368345;c__Clostridia_258483;o__Oscillospirales;f__Ruminococcaceae;g__Soleaferrea,0.04953763061173355,-0.381977798793
d__Bacteria;p__Bacillota_I;c__Bacilli_A;o__Acholeplasmatales;f__Anaeroplasmataceae;g__Pelethenecus,-0.21176369101956766,0.35515633405959107
d__Bacteria;p__Bacillota_A_368345;c__Clostridia_258483;o__Oscillospirales;f__Oscillospiraceae_88309;g__UBA2658,0.027743457218636358,-0.3601836253999029
d__Bacteria;p__Bacillota_A_368345;c__Clostridia_258483;o__Peptostreptococcales;f__Anaerovoracaceae;g__Hominibacterium,0.2277270148958801,-0.5601671830771466
d__Bacteria;p__Actinomycetota;c__Coriobacteriia;o__Coriobacteriales;f__Eggerthellaceae;g__Adlercreutzia_A_404257,0.019351044363932868,0.17191563020810377
d__Bacteria;p__Bacillota_A_368345;c__Clostridia_258483;o__Christensenellales;f__UBA1242;g__,0.03252110882116099,0.45744512449883507
d__Bacteria;p__Bacillota_A_368345;c__Clostridia_258483;o__Lachnospirales;f__Lachnospiraceae;g__Lachnospira,-0.2984070885895609,0.22589711311827382
d__Bacteria;p__Bacillota_A_368345;c__Clostridia_258483;o__Monoglobales;f__Monoglobaceae;g__Ructibacterium,0.24786693353879896,-0.5803071017200656
d__Bacteria;p__Bacillota_A_368345;c__Clostridia_258483;o__TANB77;f__CAG-508;__,-0.028754683249245794,-0.1303986897920345
d__Bacteria;p__Actinomycetota;c__Coriobacteriia;o__Coriobacteriales;f__Eggerthellaceae;__,-0.36473561997233206,1.1060079370664386
d__Bacteria;p__Bacillota_A_368345;c__Clostridia_258483;o__Lachnospirales;f__;g__,0.3810327224181296,-0.5122931515451336
d__Bacteria;p__Bacillota_A_368345;c__Clostridia_258483;o__Lachnospirales;f__Lachnospiraceae;g__CAG-632,-0.2661784499267983,0.5625430219195862
d__Bacteria;p__Bacillota_A_368345;c__Clostridia_258483;o__Oscillospirales;f__Butyricicoccaceae;g__Pseudobutyricicoccus,0.05178994379956836,-0.3842301119808348
d__Bacteria;p__Bacillota_A_368345;c__Clostridia_258483;o__Lachnospirales;f__Lachnospiraceae;g__Brotaphodocola,-0.27199345188116,0.2780595588376697
d__Bacteria;p__Patescibacteria;c__Saccharimonadia;o__Saccharimonadales;f__Nanosyncoccaceae;g__Nanosyncoccus,0.2010302523586227,-0.5334704205398894
d__Bacteria;p__Bacillota_I;c__Bacilli_A;o__Erysipelotrichales;f__Erysipelotrichaceae;g__Holdemania,-0.17672594537529784,0.10421596990401083
d__Bacteria;p__Bacillota_I;c__Bacilli_A;o__Bacillales_A;f__Planococcaceae;g__Paenisporosarcina,-0.6525587565965878,0.8187415942358556
d__Bacteria;p__Bacillota_I;c__Bacilli_A;o__RF39;f__UBA660;g__RUG12438,0.2529696828538307,-0.5854098510350972
d__Bacteria;p__Bacillota_A_368345;c__Clostridia_258483;o__Oscillospirales;f__Oscillospiraceae_88309;g__Limivicinus,-0.14076568631882513,-0.1916744818624413
d__Bacteria;p__Bacillota_I;c__Bacilli_A;o__RF39;f__UBA660;g__UBA3789,-0.055168319957646705,-0.27727184822361983
d__Bacteria;p__Pseudomonadota;c__Gammaproteobacteria;o__Enterobacterales_737866;f__Enterobacteriaceae_A_732334;g__Proteus,-0.6525587565965878,0.823287549757215
d__Bacteria;p__Bacillota_A_368345;c__Clostridia_258483;o__Oscillospirales;f__Ruminococcaceae;g__Ruthenibacterium,-0.13269837117662886,0.024228136648869247
d__Bacteria;p__Bacillota_A_368345;c__Clostridia_258483;o__Oscillospirales;f__Acutalibacteraceae;g__UBA737,-0.45137901754232523,0.8666156257678689
d__Bacteria;p__Bacillota_A_368345;c__Clostridia_258483;o__Christensenellales;f__Aristaeellaceae;g__SFMI01,-0.19461355083038218,-0.13782661735088442
d__Bacteria;p__Bacillota_I;c__Bacilli_A;o__Erysipelotrichales;f__Coprobacillaceae;g__,-0.1767259453752978,-0.1557142228059688
d__Bacteria;p__Bacillota_A_368345;c__Clostridia_258483;__;__;__,-0.0034391502353116055,0.24664525530255646
d__Bacteria;p__Bacillota_A_368345;c__Clostridia_258483;o__Lachnospirales;f__Lachnospiraceae;g__Butyribacter,-0.07691248334807632,-0.2555276848331901
d__Bacteria;p__Campylobacterota_A;c__Campylobacteria;o__Campylobacterales;f__Helicobacteraceae;__,-0.2553020278030945,0.06018839570534168
d__Bacteria;p__Bacillota_A_368345;c__Clostridia_258483;o__Oscillospirales;f__Ruminococcaceae;__,-0.3419454253730877,0.3092421662916175
d__Bacteria;p__Bacillota_I;c__Bacilli_A;o__RF39;f__UBA660;g__UBA6985,-0.1635558809180695,-0.16888428726319704
d__Bacteria;p__Actinomycetota;c__Coriobacteriia;o__Coriobacteriales;f__Eggerthellaceae;g__Adlercreutzia_A_404199,-0.515232220513074,0.42603082096372163
d__Bacteria;p__Bacillota_A_368345;c__Clostridia_258483;o__Christensenellales;f__Pumilibacteraceae;__,-0.39262856388660844,0.32011858841532137
d__Bacteria;p__Bacillota_A_368345;c__Clostridia_258483;o__Oscillospirales;f__Ruminococcaceae;g__Bittarella,-0.6525587565965878,0.7173753172088145
d__Bacteria;p__Bacillota_I;c__Bacilli_A;o__Lactobacillales;f__Lactobacillaceae;__,-0.21934176874662215,0.16155467273238305
d__Bacteria;p__Bacillota_I;c__Bacilli_A;o__Lactobacillales;f__Carnobacteriaceae;g__Atopostipes,-0.4093199879646737,0.27805955883766975
d__Bacteria;p__Bacillota_A_368345;c__Clostridia_258483;o__Christensenellales;f__CAG-917;g__CAG-475,-0.6525587565965878,0.5800487811253008
d__Bacteria;p__Bacillota_A_368345;c__Clostridia_258483;o__Peptostreptococcales;f__Peptostreptococcaceae_256921;g__Faecalimicrobium,-0.3419454253730878,0.26943544990180074
d__Bacteria;p__Pseudomonadota;c__Gammaproteobacteria;o__Burkholderiales;__;__,-0.14076568631882536,-0.19167448186244118
d__Bacteria;p__Bacillota_I;c__Bacilli_A;o__RF39;f__UBA660;g__,-0.6525587565965878,0.8040187147788076
d__Bacteria;p__Bacillota_A_368345;c__Clostridia_258483;o__Peptostreptococcales;f__Anaerovoracaceae;g__RUG11894,-0.3419454253730878,0.00950525719182127
d__Bacteria;p__Bacillota_A_368345;c__Clostridia_258483;o__Oscillospirales;f__CAG-272;g__RUG13077,-0.428588822943081,0.09614865476181447
d__Bacteria;p__Bacillota_A_368345;c__Clostridia_258483;o__Clostridiales;f__Clostridiaceae_222000;__,-0.3140524814588116,0.15489910841753146
d__Bacteria;p__Bacteroidota;c__Bacteroidia;o__Bacteroidales;f__Bacteroidaceae;__,-0.6525587565965878,0.6500007546172286
d__Bacteria;p__Bacillota_I;c__Bacilli_A;__;__;__,-0.6525587565965878,0.823287549757215
